seed,model,macro_f1
42,Naive_Baseline,0.6098245054752378
42,Full_ARPD,0.619327709299391
1337,Naive_Baseline,0.6158345411357369
1337,Full_ARPD,0.5981927250496715
2026,Naive_Baseline,0.6107378630916107
2026,Full_ARPD,0.6118163375150085
