p_synonym,accuracy,macro_f1
0.0,0.6250986582478295,0.619327709299391
0.1,0.6195737963693765,0.6149392673748777
0.15,0.6227308602999211,0.6185273368606702
0.2,0.6187845303867403,0.6147285079410648
0.3,0.6203630623520127,0.6168101835695938
0.5,0.5919494869771112,0.5903971035608317
