variant,test_acc,test_f1
No-Aug + Full-Ret,0.6377269139700079,0.633751609866078
Full-Aug + No-Ret (Zero-Evidence),0.6187845303867403,0.6094380335866405
No-Aug + No-Ret (Base Claims Only),0.6298342541436464,0.6255195227102717
