model,test_acc,test_f1
TF-IDF+LR,0.6369376479873717,0.6317065279483951
DistilBERT+MLP,0.6235201262825573,0.6210642146612452
